{
	"poki_template_version": 1,
	"extra_html": {
	  "head": [
		"<!-- will be copied to the resulting head //-->"
	  ],
	  "body": [
		"<!-- will be copied to the resulting body //-->",
		"<!-- will also be copied to the resulting body //-->"
	  ]
	},
	"background_color": "#231F20",
	"background_filename": "",
	"code_filename": "Climb Fling Poki 0.1.wasm",
	"company_name": "Korigame",
	"data_filename": "Climb Fling Poki 0.1.data",
	"decompression_fallback": "",
	"development_player": "false",
	"framework_filename": "Climb Fling Poki 0.1.framework.js",
	"height": "600",
	"loader_filename": "Climb Fling Poki 0.1.loader.js",
	"memory_filename": "",
	"product_name": "Climb Fling",
	"product_version": "1.0",
	"splash_screen_style": "Dark",
	"symbols_filename": "",
	"total_memory": "33554432",
	"unity_version": "2020.3.25f1",
	"use_data_caching": "true",
	"use_threads": "false",
	"use_wasm": "true",
	"use_webgl_1_0": "true",
	"use_webgl_2_0": "true",
	"width": "960"
  }
